{"linkusdt": {"PercentageChange": 19.584190199127242}, "ltcusdt": {"PercentageChange": 25.263926940639273}, "bttusdt": {"PercentageChange": -20.424879544459046}, "eosusdt": {"PercentageChange": 56.68430802302206}, "adausdt": {"PercentageChange": 22.98214549210565}, "dotusdt": {"PercentageChange": 8.335910064712763}, "neousdt": {"PercentageChange": 21.263099894676}}